ticker,ann_date,surprise,beat,drift_return
AAPL,2026-04-30,3.46,True,0.07270162687467097
AAPL,2026-01-29,6.25,True,-0.013337070162004805
AAPL,2025-10-30,4.52,True,0.008522040128122299
AAPL,2025-07-31,9.48,True,0.1456312121279617
AAPL,2025-05-01,1.69,True,0.030129158072626172
AAPL,2025-01-30,2.26,True,0.0375802430768275
AAPL,2024-10-31,2.48,True,0.010486532505848745
AAPL,2024-08-01,4.36,True,0.02934428702417957
AAPL,2024-05-02,1.46,True,0.036795313477713476
AAPL,2024-02-01,3.66,True,-0.017796070559010224
AAPL,2023-11-02,4.82,True,0.07523283541896375
AAPL,2023-08-03,5.66,True,-0.03991629245665451
AAPL,2023-05-04,6.28,True,0.010556461455893729
AAPL,2023-02-02,-3.78,False,-0.0111135672776691
AAPL,2022-10-27,1.44,True,-0.03718834859906395
AAPL,2022-07-28,3.93,True,0.06048272990178383
AAPL,2022-04-28,6.48,True,-0.06548574269638285
AAPL,2022-01-27,11.2,True,-0.008660353464948423
AAPL,2021-10-28,0.17,True,0.002729673550342593
AAPL,2021-07-27,28.18,True,0.007577429336727004
AAPL,2021-04-28,42.16,True,-0.062164391988511314
AAPL,2021-01-27,18.67,True,-0.012823896512710986
AAPL,2020-10-29,4.48,True,0.09742538079230023
MSFT,2026-04-29,4.9,True,0.004046273164913794
MSFT,2026-01-28,5.69,True,-0.07303349255230007
MSFT,2025-10-29,12.73,True,-0.042738123609787126
MSFT,2025-07-30,8.09,True,-0.020656167334305975
MSFT,2025-04-30,7.4,True,0.06714132670477424
MSFT,2025-01-29,3.47,True,-0.010723220021300772
MSFT,2024-10-30,6.13,True,0.05054761772052507
MSFT,2024-07-30,0.23,True,-0.003561619861671139
MSFT,2024-04-25,3.4,True,0.020722623433426124
MSFT,2024-01-30,5.83,True,0.03186101535736774
MSFT,2023-10-24,12.85,True,0.06613434644926564
MSFT,2023-07-25,5.59,True,-0.046007501700622844
MSFT,2023-04-25,9.77,True,0.05735195946892735
MSFT,2023-01-24,0.21,True,0.10855731665741697
MSFT,2022-10-25,1.92,True,-0.02943988838220113
MSFT,2022-07-26,-2.69,False,0.07598443504504493
MSFT,2022-04-26,1.06,True,-0.08004389857181737
MSFT,2022-01-25,6.97,True,0.04886912459056747
MSFT,2021-10-26,9.3,True,0.02360960863930961
MSFT,2021-07-27,12.71,True,0.0025505343434444327
MSFT,2021-04-27,9.67,True,-0.0611249095851113
MSFT,2021-01-26,23.99,True,0.04259348772951688
MSFT,2020-10-27,17.72,True,0.06843322349145464
GOOGL,2026-04-29,94.3,True,0.04228177709828729
GOOGL,2026-02-04,7.01,True,-0.04911695619923051
GOOGL,2025-10-29,26.88,True,-0.010338246831305464
GOOGL,2025-07-23,5.67,True,0.02263615535567598
GOOGL,2025-04-24,39.84,True,-0.05686581651557876
GOOGL,2025-02-04,1.18,True,-0.035384020540248584
GOOGL,2024-10-29,14.83,True,0.02533522413249356
GOOGL,2024-07-23,2.54,True,-0.07930248317613964
GOOGL,2024-04-25,25.58,True,-0.019191807961954743
GOOGL,2024-01-30,2.75,True,0.04168436181276669
GOOGL,2023-10-24,7.05,True,0.04959793794407297
GOOGL,2023-07-25,7.29,True,0.0030168944421573585
GOOGL,2023-04-25,9.45,True,0.07752398360160062
GOOGL,2023-02-02,-12.33,False,-0.09954187955731186
GOOGL,2022-10-25,-16.01,False,-0.08016448795878217
GOOGL,2022-07-26,-6.05,False,0.05872990435130232
GOOGL,2022-04-26,-3.67,False,-0.006054761420526744
GOOGL,2022-02-01,12.65,True,-0.06933790218885261
GOOGL,2021-10-26,20.44,True,-0.002215978523285256
GOOGL,2021-07-27,42.7,True,0.001359400153653656
GOOGL,2021-04-27,67.76,True,-0.06731130207987679
GOOGL,2021-02-02,39.28,True,0.022793854745178255
GOOGL,2020-10-29,46.24,True,0.09662089299289689
AMZN,2026-04-29,69.02,True,0.008149112208574172
AMZN,2026-02-05,0.22,True,-0.024011044484098854
AMZN,2025-10-30,25.2,True,-0.039022187911155415
AMZN,2025-07-31,27.19,True,0.07580907464166176
AMZN,2025-05-01,16.77,True,0.08216654890727937
AMZN,2025-02-06,25.29,True,-0.07174334549641637
AMZN,2024-10-31,25.22,True,0.023644763844539618
AMZN,2024-08-01,23.76,True,0.05455630729657335
AMZN,2024-04-30,17.67,True,0.039050310017676226
AMZN,2024-02-01,24.38,True,-0.013386898809386372
AMZN,2023-10-26,62.22,True,0.12384531046959713
AMZN,2023-08-03,91.19,True,-0.0454969246276864
AMZN,2023-04-27,44.29,True,0.04561408560636715
AMZN,2023-02-02,-82.2,False,-0.05987041762209355
AMZN,2022-10-27,35.53,True,-0.02533606666471888
AMZN,2022-07-28,-273.3,False,0.0637273530788891
AMZN,2022-04-28,-190.58,False,-0.09033123437483215
AMZN,2022-02-03,657.12,True,-0.03195896026952505
AMZN,2021-10-28,-31.21,False,0.045284861818338795
AMZN,2021-07-29,23.06,True,-0.010103406623368838
AMZN,2021-04-29,67.3,True,-0.0705192781367997
AMZN,2021-02-02,100.1,True,0.004739601960403794
AMZN,2020-10-29,64.25,True,0.030518986303550877
META,2026-04-29,7.2,True,0.010655185323848793
META,2026-01-28,8.0,True,-0.11986833549041931
META,2025-10-29,8.66,True,-0.08489495752410359
META,2025-07-30,21.82,True,0.011235452444071647
META,2025-04-30,23.53,True,0.1252511706302415
META,2025-01-29,19.0,True,0.06049499631577193
META,2024-10-30,13.86,True,0.016878476354623695
META,2024-07-31,8.45,True,0.07953960901380919
META,2024-04-24,8.11,True,0.07712175113808106
META,2024-02-01,7.88,True,-0.003515851339492282
META,2023-10-25,21.96,True,0.11167000003523242
META,2023-07-26,2.51,True,-0.019152316823829008
META,2023-04-26,11.2,True,-0.011611243341793642
META,2023-02-01,-21.53,False,-0.08650749184228146
META,2022-10-26,-11.32,False,0.1422299404429379
META,2022-07-27,-3.56,False,0.10434321394729018
META,2022-04-27,7.57,True,-0.07043203950034382
META,2022-02-02,-4.06,False,-0.12638793872692422
META,2021-10-25,1.52,True,0.06193591228554851
META,2021-07-28,17.94,True,0.012083971262679016
META,2021-04-28,40.65,True,-0.07359415347902365
META,2021-01-27,19.91,True,0.020339970315736755
META,2020-10-29,25.57,True,0.052601656085967896
NVDA,2026-05-20,5.54,True,-0.06455718049754122
NVDA,2026-02-25,5.32,True,-0.009411437103532538
NVDA,2025-11-19,3.46,True,0.00985474243621276
NVDA,2025-08-27,4.1,True,-0.012987542735849122
NVDA,2025-05-28,8.02,True,0.04181392637545156
NVDA,2025-02-26,5.25,True,-0.03794734386717147
NVDA,2024-11-20,8.52,True,-0.02877317258870815
NVDA,2024-08-28,5.66,True,0.012927920088352751
NVDA,2024-05-22,9.74,True,0.16463533383042583
NVDA,2024-02-21,11.4,True,0.17998077048464034
NVDA,2023-11-21,18.73,True,-0.043433475640643704
NVDA,2023-08-23,29.35,True,-0.03365431447637324
NVDA,2023-05-24,18.8,True,0.02090602469201408
NVDA,2023-02-22,9.45,True,-0.00946665164151772
NVDA,2022-11-16,-17.32,False,0.07675666709456741
NVDA,2022-08-24,-1.49,False,-0.1966016483780485
NVDA,2022-05-25,4.86,True,-0.04892799218791355
NVDA,2022-02-16,7.97,True,-0.06394488246456487
NVDA,2021-11-17,5.81,True,-0.030883561662456316
NVDA,2021-08-18,2.26,True,0.1314245823962834
NVDA,2021-05-26,11.44,True,0.15117095074334141
NVDA,2021-02-24,10.37,True,-0.0232588594317219
NVDA,2020-11-18,14.21,True,0.009077604755188373
NVDA,2020-08-19,10.66,True,0.07234957986694668
JPM,2026-04-14,7.78,True,0.010852169131189138
JPM,2026-01-13,-3.91,False,-0.0047097125122786965
JPM,2025-10-14,4.01,True,-0.0005887652453748782
JPM,2025-07-15,10.62,True,0.048317072799169525
JPM,2025-04-11,9.15,True,0.0421779898710406
JPM,2025-01-15,19.18,True,0.051244668666994064
JPM,2024-10-11,9.63,True,0.01815061785564831
JPM,2024-07-12,20.16,True,0.003808558651984928
JPM,2024-04-12,7.4,True,0.05681009658106295
JPM,2024-01-12,-15.65,False,0.049288371271102305
JPM,2023-10-13,9.01,True,-0.07054448321229845
JPM,2023-07-14,26.46,True,0.02986061835388809
JPM,2023-04-14,21.69,True,0.009797644607598244
JPM,2023-01-13,15.04,True,-0.005966231180856041
JPM,2022-10-14,9.44,True,0.08648344221185567
JPM,2022-07-14,-4.76,False,0.021336725168682014
JPM,2022-04-13,-2.85,False,-0.05359989736537507
JPM,2022-01-14,9.73,True,-0.0007932620056414486
JPM,2021-10-13,18.31,True,0.042148033240041904
JPM,2021-07-13,19.08,True,-0.02204750128058708
JPM,2021-04-14,49.98,True,0.019846329100585036
JPM,2021-01-15,15.81,True,-0.03209215978619506
JPM,2020-10-13,38.23,True,-0.036719333627884376
V,2026-04-28,6.79,True,-0.041467976164367704
V,2026-01-29,0.88,True,-0.022068675123013692
V,2025-10-28,0.28,True,-0.0050655577765086335
V,2025-07-29,4.68,True,-0.022106108971797656
V,2025-04-29,3.0,True,0.03343565437625928
V,2025-01-30,3.34,True,0.0368793234317506
V,2024-10-29,5.24,True,0.0686116462191575
V,2024-07-23,0.11,True,0.00924574723287952
V,2024-04-23,3.16,True,0.007890434428445614
V,2024-01-25,3.05,True,0.033609940461600596
V,2023-10-24,3.83,True,0.032000207748190235
V,2023-07-25,2.03,True,0.011219006683500732
V,2023-04-25,5.18,True,0.013675235631125604
V,2023-01-26,8.46,True,-0.0163973040468266
V,2022-10-25,3.47,True,-0.04409847852215654
V,2022-07-26,13.29,True,0.007744548395338224
V,2022-04-26,8.37,True,-0.08122001944662616
V,2022-01-27,6.34,True,-0.012914049182156884
V,2021-10-26,5.35,True,0.0007390758811991471
V,2021-07-27,10.5,True,-0.04810873290059148
V,2021-04-27,8.64,True,-0.054915184821754504
V,2021-01-28,11.27,True,0.08815495318059452
V,2020-10-28,1.94,True,0.12821842965742736
WMT,2026-05-21,0.19,True,-0.0036583921534272257
WMT,2026-02-19,1.79,True,0.006585897165863885
WMT,2025-11-20,3.11,True,0.07823776927254933
WMT,2025-08-21,-7.97,False,0.056284205935605236
WMT,2025-05-15,5.64,True,0.015574075195068371
WMT,2025-02-20,2.04,True,-0.032285312450587966
WMT,2024-11-19,8.84,True,0.09314069576249961
WMT,2024-08-15,3.76,True,0.05146379181252381
WMT,2024-05-16,14.24,True,0.018097286461955964
WMT,2024-02-20,9.35,True,0.04611395374690108
WMT,2023-11-16,0.39,True,-0.006758746074980837
WMT,2023-08-17,7.88,True,0.023048186528690673
WMT,2023-05-18,11.64,True,-0.000733840811913189
WMT,2023-02-21,12.88,True,-0.04256802668254789
WMT,2022-11-15,13.95,True,0.03279458024706283
WMT,2022-08-16,10.02,True,-0.049957344358351974
WMT,2022-05-17,-12.1,False,0.04149310854109123
WMT,2022-02-17,2.21,True,0.026668487789746953
WMT,2021-11-16,3.97,True,-0.045582741451427156
WMT,2021-08-17,13.17,True,-0.008853130389794517
WMT,2021-05-18,40.06,True,-0.0022546947236000703
WMT,2021-02-18,-8.0,False,-0.06664739483093451
WMT,2020-11-17,12.8,True,0.0014088223005526146
WMT,2020-08-18,24.11,True,0.11532316668263709
PG,2026-04-24,2.22,True,-0.0339622637600393
PG,2026-01-22,1.25,True,0.060073230525344856
PG,2025-10-24,4.92,True,-0.041123127397997616
PG,2025-07-29,4.14,True,0.016548973433488268
PG,2025-04-24,0.93,True,-0.02086691335531765
PG,2025-01-22,1.1,True,0.022629156560306507
PG,2024-10-18,1.75,True,-0.026306420513277695
PG,2024-07-30,1.92,True,0.0500125272998464
PG,2024-04-19,7.48,True,0.02429300726555872
PG,2024-01-23,8.28,True,0.04601650766427268
PG,2023-10-18,6.34,True,0.021517699327109785
PG,2023-07-28,3.48,True,-0.0032631320277988207
PG,2023-04-21,3.46,True,-0.006715774684111997
PG,2023-01-19,-0.01,False,-0.0025179976012944527
PG,2022-10-19,1.41,True,0.03968824175096897
PG,2022-07-29,-1.43,False,0.03960813065916202
PG,2022-04-20,2.88,True,-0.050119944772543334
PG,2022-01-19,0.41,True,0.013209816563791943
PG,2021-10-19,1.2,True,0.03356146777989011
PG,2021-07-30,4.13,True,0.019452977971993635
PG,2021-04-20,6.1,True,-0.0185320429955107
PG,2021-01-20,8.8,True,-0.015113295903445123
PG,2020-10-20,14.89,True,-0.012768404044419923
HD,2026-05-19,0.69,True,0.005457010119173544
HD,2026-02-24,7.8,True,-0.0658465699709122
HD,2025-11-18,-2.45,False,0.056625813939323866
HD,2025-08-19,-0.31,False,0.030580948178773104
HD,2025-05-20,-0.81,False,0.0019819173313930794
HD,2025-02-25,-0.79,False,-0.06594442305951831
HD,2024-11-12,0.33,True,0.04692838622014661
HD,2024-08-13,1.16,True,0.04788276460074936
HD,2024-05-14,0.57,True,-0.049335132652868374
HD,2024-02-20,1.63,True,0.04275240109445555
HD,2023-11-14,1.35,True,0.024027574014765296
HD,2023-08-15,4.68,True,-0.0008667269400801647
HD,2023-05-16,0.52,True,-0.006579342871045779
HD,2023-02-21,0.4,True,-0.009109467273167748
HD,2022-11-15,2.96,True,0.04489768476052802
HD,2022-08-16,2.36,True,-0.10884758853782517
HD,2022-05-17,10.83,True,0.07932433466380084
HD,2022-02-22,0.87,True,0.03457375292078191
HD,2021-11-16,15.29,True,0.036992379603244085
HD,2021-08-17,2.33,True,0.011617054670345128
HD,2021-05-18,26.58,True,-0.004410830748995953
HD,2021-02-23,4.59,True,0.030535684147603437
HD,2020-11-17,4.77,True,-0.0008444957894410132
HD,2020-08-18,8.06,True,0.020697794842869266
KO,2026-04-28,5.88,True,0.01762390357474497
KO,2026-02-10,2.69,True,0.0241730790492638
KO,2025-10-21,5.32,True,-0.032481144476275814
KO,2025-07-22,3.93,True,0.0050606418283696275
KO,2025-04-29,1.95,True,-0.04672647217732506
KO,2025-02-11,6.38,True,0.0314365937042711
KO,2024-10-23,3.18,True,-0.054086222640947756
KO,2024-07-23,4.26,True,0.040267413011629616
KO,2024-04-30,3.4,True,0.01937667304216295
KO,2024-02-13,0.33,True,0.012312347397857915
KO,2023-10-24,6.49,True,0.017284276736416526
KO,2023-07-26,8.14,True,-0.02434324138519206
KO,2023-04-24,5.4,True,-0.007204545574101662
KO,2023-02-14,0.18,True,0.0021816000269789804
KO,2022-10-25,8.32,True,-0.01043960001561095
KO,2022-07-26,4.69,True,0.01015711992842161
KO,2022-04-25,10.44,True,-0.015987768313256767
KO,2022-02-10,9.35,True,0.03234381932509822
KO,2021-10-27,12.2,True,0.01249088521706554
KO,2021-07-21,20.51,True,0.000531174092112785
KO,2021-04-19,9.06,True,-0.0005537041168407475
KO,2021-02-10,12.45,True,-0.026043831946393037
KO,2020-10-22,18.92,True,-0.021179788197636218
PEP,2026-04-16,3.75,True,-0.001649018265943214
PEP,2026-02-03,1.02,True,-0.009567917761816425
PEP,2025-10-09,1.33,True,0.009794624188055545
PEP,2025-07-17,4.48,True,-0.027645937446220126
PEP,2025-04-24,-0.77,False,-0.02204218995308116
PEP,2025-02-04,0.9,True,0.023616491013486618
PEP,2024-10-08,0.74,True,0.0023764600145708137
PEP,2024-07-11,5.57,True,0.03828571688312654
PEP,2024-04-23,5.96,True,0.0
PEP,2024-02-09,3.43,True,-0.014360124355958237
PEP,2023-10-10,4.44,True,-0.0016602783676840094
PEP,2023-07-13,6.56,True,0.011157807143286735
PEP,2023-04-25,8.23,True,0.03039144953630002
PEP,2023-02-09,1.22,True,-0.0016457749847466063
PEP,2022-10-12,6.68,True,0.024454505240675273
PEP,2022-07-12,7.1,True,0.00875937331605603
PEP,2022-04-26,4.54,True,-0.023963249543575316
PEP,2022-02-10,0.92,True,-0.028710420950804227
PEP,2021-10-05,3.27,True,0.040978009173060936
PEP,2021-07-13,12.72,True,0.012618424978012799
PEP,2021-04-15,8.0,True,0.0
PEP,2021-02-11,0.7,True,-0.024277202637893236
PEP,2020-10-01,11.58,True,0.026582496451952986
DIS,2026-05-06,4.98,True,-0.04675136513182443
DIS,2026-02-02,3.44,True,0.02763386102318255
DIS,2025-11-13,8.42,True,0.00916816013949906
DIS,2025-08-06,11.3,True,0.029500367691803975
DIS,2025-05-07,19.79,True,0.05717271105369193
DIS,2025-02-05,22.94,True,-0.030600333133157576
DIS,2024-11-14,2.75,True,0.018074401265995688
DIS,2024-08-07,16.38,True,0.04606789495979369
DIS,2024-05-07,9.8,True,-0.0229515030544305
DIS,2024-02-07,18.24,True,-0.025330202053543527
DIS,2023-11-08,15.11,True,0.06331641790004738
DIS,2023-08-09,6.77,True,-0.10124235299283135
DIS,2023-05-10,-0.91,False,-0.04517392132329112
DIS,2023-02-08,25.97,True,-0.09115608783676155
DIS,2022-11-08,-46.87,False,0.1398271146203327
DIS,2022-08-10,9.99,True,-0.0019542869750975855
DIS,2022-05-11,-9.15,False,0.01246274795875224
DIS,2022-02-09,71.97,True,-0.017284373783413298
DIS,2021-11-10,-23.41,False,-0.08636128876928517
DIS,2021-08-12,45.48,True,-0.005191091961390448
DIS,2021-05-13,204.08,True,0.028497372005367616
DIS,2021-02-11,194.77,True,0.03895144855332511
DIS,2020-11-12,69.3,True,0.06974542553420182
NKE,2026-03-31,24.31,True,0.023974863846409677
NKE,2025-12-18,41.33,True,0.11309831456966757
NKE,2025-09-30,81.32,True,-0.07735841461829196
NKE,2025-06-26,14.18,True,0.0029151584540030306
NKE,2025-03-20,85.52,True,-0.15734468946254898
NKE,2024-12-19,23.3,True,-0.06303602889304227
NKE,2024-10-01,34.9,True,0.010108059041823658
NKE,2024-06-27,19.3,True,-0.0538675051464822
NKE,2024-03-21,29.73,True,-0.0411251262752127
NKE,2023-12-21,20.98,True,-0.04905585853034988
NKE,2023-09-28,24.06,True,0.044864987809503765
NKE,2023-06-29,-2.29,False,-0.015040614124501528
NKE,2023-03-21,46.31,True,0.011715539540738673
NKE,2022-12-20,29.23,True,0.07557441176977053
NKE,2022-09-29,0.96,True,0.053296462360734154
NKE,2022-06-27,10.99,True,0.0226696515071807
NKE,2022-03-21,21.41,True,-0.005935845957884767
NKE,2021-12-20,31.97,True,-0.026285701370689196
NKE,2021-09-23,3.3,True,0.01931957486094671
NKE,2021-06-24,83.69,True,0.048396397642441524
NKE,2021-03-18,19.67,True,-0.017237684624334615
NKE,2020-12-18,25.29,True,-0.011595537287357516
NKE,2020-09-22,95.91,True,0.02320809920425848
